{"cameraMode":{"drawMode":0,"name":"Shaded","section":"Shading Mode"},"sceneLighting":true,"audioPlay":false,"sceneViewState":{"m_AlwaysRefresh":false,"showFog":true,"showSkybox":true,"showFlares":true,"showImageEffects":true,"showParticleSystems":true,"showVisualEffectGraphs":true,"m_FxEnabled":true},"in2DMode":false,"pivot":{"x":8.261192321777344,"y":5.441076755523682,"z":1.3405523300170899},"rotation":{"x":0.04581121727824211,"y":-0.6283776760101318,"z":-0.04736031964421272,"w":-0.7762391567230225},"size":0.17687493562698365,"orthographic":false}