{"cameraMode":{"drawMode":0,"name":"Shaded","section":"Shading Mode"},"sceneLighting":true,"audioPlay":false,"sceneViewState":{"m_AlwaysRefresh":false,"showFog":true,"showSkybox":true,"showFlares":true,"showImageEffects":true,"showParticleSystems":true,"showVisualEffectGraphs":true,"m_FxEnabled":true},"in2DMode":false,"pivot":{"x":5.178164005279541,"y":0.5899503231048584,"z":9.505196571350098},"rotation":{"x":0.04797421768307686,"y":0.3953200876712799,"z":-0.011594164185225964,"w":0.9188122749328613},"size":0.45454591512680056,"orthographic":false}